"x","msg_reg","cost_agg"
0,"AFR",503.834317814128
0.01,"AFR",503.834317814128
0.02,"AFR",506.700445371558
0.03,"AFR",506.700445371558
0.04,"AFR",539.66135523411
0.05,"AFR",541.129611476761
0.06,"AFR",573.666365365611
0.07,"AFR",584.408503596678
0.08,"AFR",628.196163026138
0.09,"AFR",642.466264575346
0.1,"AFR",651.023017054924
0.11,"AFR",670.321263411009
0.12,"AFR",680.858847490405
0.13,"AFR",689.840513926854
0.14,"AFR",708.394124694341
0.15,"AFR",723.383630911988
0.16,"AFR",736.135642723598
0.17,"AFR",750.945284429864
0.18,"AFR",772.149302938948
0.19,"AFR",785.112366061038
0.2,"AFR",795.337190839165
0.21,"AFR",808.134307838943
0.22,"AFR",830.261678643869
0.23,"AFR",845.197086207235
0.24,"AFR",870.77805872335
0.25,"AFR",881.447693392508
0.26,"AFR",897.25598082551
0.27,"AFR",921.953221286919
0.28,"AFR",940.679620336172
0.29,"AFR",986.525185044689
0.3,"AFR",1014.80835167268
0.31,"AFR",1079.69786881908
0.32,"AFR",1086.46609125476
0.33,"AFR",1122.15000923843
0.34,"AFR",1178.24504535895
0.35,"AFR",1200.55875226462
0.36,"AFR",1245.55217098685
0.37,"AFR",1288.858696366
0.38,"AFR",1330.97710778553
0.39,"AFR",1351.19341042421
0.4,"AFR",1378.13160350439
0.41,"AFR",1408.07659140882
0.42,"AFR",1442.0909376619
0.43,"AFR",1523.44024532121
0.44,"AFR",1545.90529382523
0.45,"AFR",1578.9147920039
0.46,"AFR",1637.26397325111
0.47,"AFR",1711.57547909594
0.48,"AFR",1776.30515286467
0.49,"AFR",1834.6132773367
0.5,"AFR",1898.31145725894
0.51,"AFR",1931.40052360901
0.52,"AFR",1984.91013849195
0.53,"AFR",2040.82620203979
0.54,"AFR",2090.6774291701
0.55,"AFR",2120.48589159371
0.56,"AFR",2186.19344277463
0.57,"AFR",2241.72033522818
0.58,"AFR",2348.35158486894
0.59,"AFR",2461.84866685879
0.6,"AFR",2544.81668046468
0.61,"AFR",2611.19179432234
0.62,"AFR",2752.77348366233
0.63,"AFR",2819.34253981138
0.64,"AFR",2872.30555829515
0.65,"AFR",2935.94212613059
0.66,"AFR",2992.4783380595
0.67,"AFR",3158.41223258585
0.68,"AFR",3219.76321786768
0.69,"AFR",3388.27460645534
0.7,"AFR",3522.1829476838
0.71,"AFR",3648.3951483467
0.72,"AFR",3822.38717628369
0.73,"AFR",4027.09473313878
0.74,"AFR",4192.25597441347
0.75,"AFR",4379.81364568877
0.76,"AFR",4494.51980040659
0.77,"AFR",4874.68451168631
0.78,"AFR",5200.22791721811
0.79,"AFR",5372.00981538766
0.8,"AFR",5500.9660132158
0.81,"AFR",5760.07871876564
0.82,"AFR",5962.77968855687
0.83,"AFR",6317.88628181534
0.84,"AFR",6541.42991186196
0.85,"AFR",6809.53375154207
0.86,"AFR",7403.91422049989
0.87,"AFR",7805.78123470923
0.88,"AFR",8428.58399810316
0.89,"AFR",8966.96842339961
0.9,"AFR",9631.3791936065
0.91,"AFR",10381.7490345448
0.92,"AFR",10878.7009603933
0.93,"AFR",11322.1342005806
0.94,"AFR",12347.1435373896
0.95,"AFR",13830.018021602
0.96,"AFR",15478.1936744566
0.97,"AFR",16904.8481124855
0.98,"AFR",19232.7256916196
0.99,"AFR",23472.1829336496
1,"AFR",23987.7237311148
0,"CPA",455.717223508955
0.01,"CPA",455.717223508955
0.02,"CPA",462.771546354084
0.03,"CPA",462.771546354084
0.04,"CPA",462.771546354084
0.05,"CPA",469.216721544062
0.06,"CPA",571.691077079848
0.07,"CPA",571.691077079848
0.08,"CPA",571.691077079848
0.09,"CPA",582.773634418714
0.1,"CPA",582.773634418714
0.11,"CPA",586.900118534249
0.12,"CPA",605.714921108653
0.13,"CPA",624.421649099078
0.14,"CPA",644.287722626725
0.15,"CPA",645.545317785745
0.16,"CPA",691.368941392544
0.17,"CPA",708.179451682259
0.18,"CPA",725.392785421348
0.19,"CPA",725.392785421348
0.2,"CPA",726.620905693829
0.21,"CPA",744.001263789975
0.22,"CPA",745.091834591938
0.23,"CPA",774.714401415604
0.24,"CPA",786.376744314731
0.25,"CPA",809.209956420691
0.26,"CPA",819.310017541572
0.27,"CPA",885.068489411276
0.28,"CPA",961.801444035868
0.29,"CPA",975.124092751738
0.3,"CPA",986.354024523302
0.31,"CPA",1067.42961243138
0.32,"CPA",1069.49285448915
0.33,"CPA",1080.10720559211
0.34,"CPA",1113.15943227852
0.35,"CPA",1140.37457751669
0.36,"CPA",1180.46042321046
0.37,"CPA",1201.68234151893
0.38,"CPA",1233.68877411191
0.39,"CPA",1320.73793902534
0.4,"CPA",1324.47142465368
0.41,"CPA",1395.99714932295
0.42,"CPA",1439.48199548087
0.43,"CPA",1497.94052045095
0.44,"CPA",1504.01597806523
0.45,"CPA",1504.01597806523
0.46,"CPA",1504.01597806523
0.47,"CPA",1504.01597806523
0.48,"CPA",1506.84357434533
0.49,"CPA",1506.84357434533
0.5,"CPA",1506.84357434533
0.51,"CPA",1511.55157457933
0.52,"CPA",1511.55157457933
0.53,"CPA",1513.14637283443
0.54,"CPA",1513.14637283443
0.55,"CPA",1523.35876056377
0.56,"CPA",1524.68090261072
0.57,"CPA",1564.78801368279
0.58,"CPA",1824.88308082457
0.59,"CPA",1826.93674557825
0.6,"CPA",1838.8843394028
0.61,"CPA",1839.55049635632
0.62,"CPA",1851.13221656144
0.63,"CPA",1851.59656748833
0.64,"CPA",1862.31551986518
0.65,"CPA",1868.49700657161
0.66,"CPA",1871.63643907403
0.67,"CPA",1873.39608469171
0.68,"CPA",1874.13280331349
0.69,"CPA",1875.38366250888
0.7,"CPA",1960.96645395927
0.71,"CPA",1967.07947802589
0.72,"CPA",2041.62102606028
0.73,"CPA",2089.67241532388
0.74,"CPA",2159.50710449589
0.75,"CPA",2445.63135305568
0.76,"CPA",2554.82653774571
0.77,"CPA",2928.80450195732
0.78,"CPA",3276.76229181071
0.79,"CPA",3353.78321743282
0.8,"CPA",3457.73182816923
0.81,"CPA",3504.06972094473
0.82,"CPA",3907.47674990386
0.83,"CPA",4242.77744745136
0.84,"CPA",4463.51503231512
0.85,"CPA",5505.73915218416
0.86,"CPA",5985.77524341001
0.87,"CPA",6150.42760052687
0.88,"CPA",6594.13198675029
0.89,"CPA",6637.03138901236
0.9,"CPA",6913.9327994914
0.91,"CPA",8564.64884093965
0.92,"CPA",9584.76523525863
0.93,"CPA",9596.19834988863
0.94,"CPA",11809.7389814725
0.95,"CPA",12141.8936143685
0.96,"CPA",13959.1854167859
0.97,"CPA",14276.3145276434
0.98,"CPA",15476.6548473421
0.99,"CPA",20547.9060592715
1,"CPA",20556.7598317292
0,"EEU",1370.79498524299
0.01,"EEU",1370.79498524299
0.02,"EEU",1371.19618080978
0.03,"EEU",1470.48225148961
0.04,"EEU",1483.49908913167
0.05,"EEU",1483.49908913167
0.06,"EEU",1546.53862063805
0.07,"EEU",1587.87480856321
0.08,"EEU",1621.91889389022
0.09,"EEU",1710.8342933257
0.1,"EEU",1791.57090952821
0.11,"EEU",1888.28809433148
0.12,"EEU",1944.28467211429
0.13,"EEU",1984.64388695512
0.14,"EEU",2089.3023795664
0.15,"EEU",2144.31353428543
0.16,"EEU",2376.24381621818
0.17,"EEU",2534.0906845664
0.18,"EEU",2550.24019106476
0.19,"EEU",2668.92388399142
0.2,"EEU",2783.80937414484
0.21,"EEU",2872.03028326663
0.22,"EEU",3052.40770630374
0.23,"EEU",3226.90600050979
0.24,"EEU",3494.18465318997
0.25,"EEU",3670.29624289739
0.26,"EEU",3705.68388423319
0.27,"EEU",3836.65608194897
0.28,"EEU",3970.97169124014
0.29,"EEU",4568.28649791509
0.3,"EEU",4605.64853047868
0.31,"EEU",5013.62689068642
0.32,"EEU",5163.08985623145
0.33,"EEU",5338.51206112722
0.34,"EEU",5674.85996037147
0.35,"EEU",5717.32595714225
0.36,"EEU",5737.10661448723
0.37,"EEU",5747.94894914798
0.38,"EEU",5759.10863192804
0.39,"EEU",5831.71648497861
0.4,"EEU",5863.2401088857
0.41,"EEU",5901.25628334291
0.42,"EEU",6038.89307397012
0.43,"EEU",6080.82940259801
0.44,"EEU",6107.5377171477
0.45,"EEU",6138.52667601628
0.46,"EEU",6170.0902291114
0.47,"EEU",6278.38985131279
0.48,"EEU",6327.32352447104
0.49,"EEU",6406.51852069764
0.5,"EEU",6455.94030271408
0.51,"EEU",6500.33781658375
0.52,"EEU",6539.9376783195
0.53,"EEU",6664.89816275706
0.54,"EEU",6701.38826608843
0.55,"EEU",6761.66688821459
0.56,"EEU",6809.80013788909
0.57,"EEU",6886.60974569091
0.58,"EEU",7035.51393215465
0.59,"EEU",7235.92005075386
0.6,"EEU",7335.9714402845
0.61,"EEU",7486.1048447716
0.62,"EEU",7591.33751581629
0.63,"EEU",7640.55745738016
0.64,"EEU",7725.79425280098
0.65,"EEU",7937.65789816257
0.66,"EEU",8176.82964507106
0.67,"EEU",8327.92017230301
0.68,"EEU",8472.58710782839
0.69,"EEU",8570.01312009711
0.7,"EEU",8769.46229402348
0.71,"EEU",8985.26482021167
0.72,"EEU",9081.23943578018
0.73,"EEU",9196.52924380463
0.74,"EEU",9307.52084916005
0.75,"EEU",9473.1926408158
0.76,"EEU",9734.28119579188
0.77,"EEU",9882.05096039878
0.78,"EEU",10211.4172374704
0.79,"EEU",10288.2606989618
0.8,"EEU",10593.3162574699
0.81,"EEU",10949.0063809136
0.82,"EEU",11674.7130846036
0.83,"EEU",11975.3269774298
0.84,"EEU",12310.3810121968
0.85,"EEU",12515.2823554275
0.86,"EEU",12930.5450606172
0.87,"EEU",13572.556228675
0.88,"EEU",13780.2274507254
0.89,"EEU",14616.7601696853
0.9,"EEU",15007.4645384727
0.91,"EEU",15514.1589180125
0.92,"EEU",16500.256358665
0.93,"EEU",17114.53867491
0.94,"EEU",17932.9093431323
0.95,"EEU",18693.4730860959
0.96,"EEU",20603.5760564845
0.97,"EEU",22683.5997810781
0.98,"EEU",25573.2537323947
0.99,"EEU",29872.5052764045
1,"EEU",29915.8998201148
0,"FSU",797.76004547832
0.01,"FSU",797.76004547832
0.02,"FSU",800.259433341652
0.03,"FSU",875.37177694336
0.04,"FSU",926.088283431823
0.05,"FSU",1034.44442909883
0.06,"FSU",1062.0659661591
0.07,"FSU",1062.69674888844
0.08,"FSU",1136.54826688515
0.09,"FSU",1206.03316897939
0.1,"FSU",1212.15554141481
0.11,"FSU",1270.16943885792
0.12,"FSU",1290.66055231476
0.13,"FSU",1347.52626746459
0.14,"FSU",1371.86624381689
0.15,"FSU",1401.62781438652
0.16,"FSU",1438.09062659249
0.17,"FSU",1458.03988583456
0.18,"FSU",1483.91790983867
0.19,"FSU",1532.67001811284
0.2,"FSU",1570.3451008158
0.21,"FSU",1689.31770052489
0.22,"FSU",1715.79448818948
0.23,"FSU",1768.74149188646
0.24,"FSU",1829.69200177876
0.25,"FSU",1891.996650765
0.26,"FSU",1907.19258043323
0.27,"FSU",1936.90358659119
0.28,"FSU",1984.57437722501
0.29,"FSU",2014.48350622105
0.3,"FSU",2043.02213577261
0.31,"FSU",2202.65709759368
0.32,"FSU",2238.70682472161
0.33,"FSU",2250.14156942306
0.34,"FSU",2423.66379058814
0.35,"FSU",2470.45124359851
0.36,"FSU",2499.245523718
0.37,"FSU",2568.59538175104
0.38,"FSU",2792.30795836999
0.39,"FSU",2838.24995767904
0.4,"FSU",2870.49987949553
0.41,"FSU",2877.51593047168
0.42,"FSU",2899.74764316124
0.43,"FSU",2903.39344452273
0.44,"FSU",2936.96645769838
0.45,"FSU",3016.01600379084
0.46,"FSU",3121.96955903357
0.47,"FSU",3163.0863908941
0.48,"FSU",3186.24238588407
0.49,"FSU",3196.85646086003
0.5,"FSU",3246.85532000626
0.51,"FSU",3250.47375924826
0.52,"FSU",3364.24761972942
0.53,"FSU",3383.19778908116
0.54,"FSU",3414.76027437819
0.55,"FSU",3521.87503954924
0.56,"FSU",3816.20805433466
0.57,"FSU",3890.0938619494
0.58,"FSU",3967.90652403945
0.59,"FSU",4072.04597368331
0.6,"FSU",4172.31440960496
0.61,"FSU",4283.19347824797
0.62,"FSU",4416.50351941235
0.63,"FSU",4519.53336346064
0.64,"FSU",4557.03501610455
0.65,"FSU",4640.26912615963
0.66,"FSU",4684.41582462104
0.67,"FSU",4854.21987598148
0.68,"FSU",4951.14499923264
0.69,"FSU",5097.16631825831
0.7,"FSU",5174.28623607109
0.71,"FSU",5220.29484894517
0.72,"FSU",5342.02723138595
0.73,"FSU",5389.73684993405
0.74,"FSU",5409.47918400077
0.75,"FSU",5533.09087569319
0.76,"FSU",6119.87856687465
0.77,"FSU",6221.78223878684
0.78,"FSU",6494.04124032678
0.79,"FSU",6941.86216016801
0.8,"FSU",7272.41704170328
0.81,"FSU",7691.32680181447
0.82,"FSU",7848.72540368246
0.83,"FSU",8043.77466397532
0.84,"FSU",8246.83935156331
0.85,"FSU",8522.06627516893
0.86,"FSU",9031.74084134248
0.87,"FSU",9276.58106448662
0.88,"FSU",9632.28846022842
0.89,"FSU",11067.2236016911
0.9,"FSU",11494.732150553
0.91,"FSU",12016.3425923815
0.92,"FSU",12561.9171414208
0.93,"FSU",13858.3761901675
0.94,"FSU",14338.0693990067
0.95,"FSU",16703.0459939914
0.96,"FSU",17773.4507884222
0.97,"FSU",18399.4358382341
0.98,"FSU",21816.7228515225
0.99,"FSU",23743.508454577
1,"FSU",23808.9497551132
0,"LAM",481.481080182677
0.01,"LAM",481.481080182677
0.02,"LAM",481.481080182677
0.03,"LAM",487.724688236473
0.04,"LAM",493.252871897458
0.05,"LAM",493.252871897458
0.06,"LAM",512.945901111294
0.07,"LAM",527.361423881918
0.08,"LAM",530.40508869107
0.09,"LAM",538.882627123384
0.1,"LAM",556.070406000666
0.11,"LAM",573.951846329697
0.12,"LAM",586.553581638974
0.13,"LAM",603.434208666565
0.14,"LAM",608.640906599585
0.15,"LAM",632.035856727581
0.16,"LAM",651.15982543432
0.17,"LAM",669.608232706041
0.18,"LAM",687.362485101684
0.19,"LAM",730.843186189801
0.2,"LAM",743.050566381702
0.21,"LAM",754.932195738999
0.22,"LAM",773.135184383743
0.23,"LAM",788.806872190557
0.24,"LAM",807.087224384522
0.25,"LAM",822.361679557358
0.26,"LAM",837.763930229209
0.27,"LAM",889.687487206823
0.28,"LAM",915.273670573036
0.29,"LAM",935.344551752654
0.3,"LAM",952.964353324303
0.31,"LAM",965.304369858492
0.32,"LAM",981.835084869546
0.33,"LAM",1008.82145705233
0.34,"LAM",1029.12485746869
0.35,"LAM",1056.37085293572
0.36,"LAM",1088.93904889177
0.37,"LAM",1115.8285957328
0.38,"LAM",1139.27390038929
0.39,"LAM",1158.85992619663
0.4,"LAM",1176.82293148073
0.41,"LAM",1202.17695521469
0.42,"LAM",1209.81301410765
0.43,"LAM",1256.98469797009
0.44,"LAM",1291.55186209629
0.45,"LAM",1314.09684287863
0.46,"LAM",1337.38447245428
0.47,"LAM",1355.07463855055
0.48,"LAM",1395.7832719802
0.49,"LAM",1458.79183322193
0.5,"LAM",1513.81342792631
0.51,"LAM",1554.78892253639
0.52,"LAM",1628.17535842661
0.53,"LAM",1666.6952063148
0.54,"LAM",1689.83260527745
0.55,"LAM",1729.50586511122
0.56,"LAM",1751.74406179505
0.57,"LAM",1792.5061758977
0.58,"LAM",1829.43728012384
0.59,"LAM",1875.16832964393
0.6,"LAM",1891.92516797626
0.61,"LAM",1978.83922857972
0.62,"LAM",2020.60323396463
0.63,"LAM",2097.13656869242
0.64,"LAM",2241.1770410513
0.65,"LAM",2382.06514683515
0.66,"LAM",2467.87705896726
0.67,"LAM",2529.96143733785
0.68,"LAM",2620.49899418387
0.69,"LAM",2762.76782024282
0.7,"LAM",2850.45093128625
0.71,"LAM",2983.1568923925
0.72,"LAM",3224.68957705
0.73,"LAM",3349.2475864072
0.74,"LAM",3484.8308490276
0.75,"LAM",3592.47364691384
0.76,"LAM",3871.08514028962
0.77,"LAM",4077.99666632479
0.78,"LAM",4182.10017683842
0.79,"LAM",4562.07013827109
0.8,"LAM",4947.34508203076
0.81,"LAM",5168.69160710839
0.82,"LAM",5763.50245140343
0.83,"LAM",6005.52806563781
0.84,"LAM",6398.29910420517
0.85,"LAM",6595.08585474993
0.86,"LAM",6934.68867875744
0.87,"LAM",7371.08862876986
0.88,"LAM",7806.69231143673
0.89,"LAM",8344.22462996234
0.9,"LAM",8953.15769569253
0.91,"LAM",9314.70686794031
0.92,"LAM",10187.8165002987
0.93,"LAM",10884.1762846525
0.94,"LAM",12365.3803252476
0.95,"LAM",14361.8440885471
0.96,"LAM",15385.2212222725
0.97,"LAM",17235.9522993385
0.98,"LAM",19588.8449394976
0.99,"LAM",21800.4240436502
1,"LAM",22750.3740569853
0,"MEA",601.922460118597
0.01,"MEA",601.922460118597
0.02,"MEA",601.922460118597
0.03,"MEA",601.922460118597
0.04,"MEA",696.144648198103
0.05,"MEA",868.791585698973
0.06,"MEA",868.791585698973
0.07,"MEA",905.046134384286
0.08,"MEA",918.444536443517
0.09,"MEA",956.027709002497
0.1,"MEA",990.806584081657
0.11,"MEA",1122.75189533993
0.12,"MEA",1208.23030770587
0.13,"MEA",1226.65487081584
0.14,"MEA",1227.31551252097
0.15,"MEA",1325.96266175126
0.16,"MEA",1413.46098536514
0.17,"MEA",1483.48779669828
0.18,"MEA",1518.32813679607
0.19,"MEA",1640.88069982827
0.2,"MEA",1700.41185792462
0.21,"MEA",1722.28643882809
0.22,"MEA",1751.16413616442
0.23,"MEA",1893.21805047343
0.24,"MEA",1904.62473772277
0.25,"MEA",1997.25772823687
0.26,"MEA",2086.45222625052
0.27,"MEA",2324.01543265693
0.28,"MEA",2327.78488134706
0.29,"MEA",2378.13324446465
0.3,"MEA",2454.28072779908
0.31,"MEA",2490.21108501799
0.32,"MEA",2527.6178190206
0.33,"MEA",2548.85967268069
0.34,"MEA",2697.73890718348
0.35,"MEA",2859.20298516821
0.36,"MEA",2915.56755943269
0.37,"MEA",3044.71935864558
0.38,"MEA",3122.71590928698
0.39,"MEA",3181.48433276827
0.4,"MEA",3231.20334502528
0.41,"MEA",3409.9041979037
0.42,"MEA",3641.14641515985
0.43,"MEA",3644.87208007684
0.44,"MEA",3675.62783900476
0.45,"MEA",3996.69093973961
0.46,"MEA",4007.26958125297
0.47,"MEA",4214.54355433474
0.48,"MEA",4288.93012649225
0.49,"MEA",4467.838086264
0.5,"MEA",4491.05010466168
0.51,"MEA",4616.76462749808
0.52,"MEA",4717.88841484065
0.53,"MEA",4848.50469567161
0.54,"MEA",5042.32312126462
0.55,"MEA",5066.89867129887
0.56,"MEA",5320.20851874067
0.57,"MEA",5329.64222770263
0.58,"MEA",5659.64702059426
0.59,"MEA",5790.92669440777
0.6,"MEA",5824.52100160481
0.61,"MEA",6054.5384170952
0.62,"MEA",6247.27464995458
0.63,"MEA",6308.4284735859
0.64,"MEA",6481.65286338623
0.65,"MEA",6641.50816712425
0.66,"MEA",6990.29591950721
0.67,"MEA",7423.9967716591
0.68,"MEA",7556.1957244076
0.69,"MEA",7702.46450195674
0.7,"MEA",7973.1559408149
0.71,"MEA",8046.74023186955
0.72,"MEA",8517.96031835156
0.73,"MEA",8570.35270933608
0.74,"MEA",9013.9326559542
0.75,"MEA",9067.40476866336
0.76,"MEA",9170.65370571113
0.77,"MEA",9548.48923600856
0.78,"MEA",9909.07317270652
0.79,"MEA",10184.3553586441
0.8,"MEA",10577.4019468095
0.81,"MEA",10906.8970809442
0.82,"MEA",10929.7107429975
0.83,"MEA",11258.9933134233
0.84,"MEA",12610.0600383383
0.85,"MEA",12631.3214735812
0.86,"MEA",13064.4011864382
0.87,"MEA",14018.4558728692
0.88,"MEA",14276.5976548339
0.89,"MEA",15108.3276905234
0.9,"MEA",16068.5399767814
0.91,"MEA",16379.2192544104
0.92,"MEA",17235.1018739152
0.93,"MEA",17777.7881201787
0.94,"MEA",18308.2694617447
0.95,"MEA",19739.902927227
0.96,"MEA",21725.9454112292
0.97,"MEA",24519.2788816942
0.98,"MEA",26107.3824587301
0.99,"MEA",28183.09182936
1,"MEA",28320.7372962697
0,"NAM",431.66
0.01,"NAM",431.66
0.02,"NAM",431.66
0.03,"NAM",431.66
0.04,"NAM",431.66
0.05,"NAM",431.66
0.06,"NAM",431.66
0.07,"NAM",431.66
0.08,"NAM",431.66
0.09,"NAM",431.66
0.1,"NAM",431.66
0.11,"NAM",431.66
0.12,"NAM",529.1
0.13,"NAM",529.1
0.14,"NAM",812.18
0.15,"NAM",1085.8
0.16,"NAM",1168.1
0.17,"NAM",1240.8
0.18,"NAM",1330.2
0.19,"NAM",1338.3
0.2,"NAM",1405.3
0.21,"NAM",1437.6
0.22,"NAM",1443.6
0.23,"NAM",1475.8
0.24,"NAM",1646.7
0.25,"NAM",1755.6
0.26,"NAM",1781.9
0.27,"NAM",1803
0.28,"NAM",1835
0.29,"NAM",1957.5
0.3,"NAM",1978
0.31,"NAM",2106.5
0.32,"NAM",2435.9
0.33,"NAM",2494.5
0.34,"NAM",2511.3
0.35,"NAM",2682.6
0.36,"NAM",2742
0.37,"NAM",2763.7
0.38,"NAM",2892.4
0.39,"NAM",3259.1
0.4,"NAM",3340.1
0.41,"NAM",3363.4
0.42,"NAM",3425.3
0.43,"NAM",3470.4
0.44,"NAM",3594.4
0.45,"NAM",3636
0.46,"NAM",3779
0.47,"NAM",3892.3
0.48,"NAM",4058.5
0.49,"NAM",4280.2
0.5,"NAM",4351.7
0.51,"NAM",4390.7
0.52,"NAM",4421.6
0.53,"NAM",4497
0.54,"NAM",4816.3
0.55,"NAM",4857.8
0.56,"NAM",4908.7
0.57,"NAM",5264.6
0.58,"NAM",5409.7
0.59,"NAM",5548
0.6,"NAM",5627.3
0.61,"NAM",5760.7
0.62,"NAM",5913.4
0.63,"NAM",5953.6
0.64,"NAM",6251.9
0.65,"NAM",6636.5
0.66,"NAM",6849.3
0.67,"NAM",7224.8
0.68,"NAM",7369.2
0.69,"NAM",7407.7
0.7,"NAM",7749.8
0.71,"NAM",7771.2
0.72,"NAM",7955.9
0.73,"NAM",8138.6
0.74,"NAM",8148.2
0.75,"NAM",8175.1
0.76,"NAM",8269.4
0.77,"NAM",9254.1
0.78,"NAM",9423.2
0.79,"NAM",9430.2
0.8,"NAM",9542.7
0.81,"NAM",10679
0.82,"NAM",10760
0.83,"NAM",12982
0.84,"NAM",13800
0.85,"NAM",13812
0.86,"NAM",14093
0.87,"NAM",14128
0.88,"NAM",14490
0.89,"NAM",15471
0.9,"NAM",16119
0.91,"NAM",16250
0.92,"NAM",17014
0.93,"NAM",17161
0.94,"NAM",20727
0.95,"NAM",22617
0.96,"NAM",23037
0.97,"NAM",23434
0.98,"NAM",25437
0.99,"NAM",25437
1,"NAM",25961
0,"PAO",1283.65312802694
0.01,"PAO",1283.65312802694
0.02,"PAO",1354.17853538537
0.03,"PAO",1429.01037130425
0.04,"PAO",1429.75430082563
0.05,"PAO",1452.43894374318
0.06,"PAO",1524.41802124814
0.07,"PAO",1541.55308743715
0.08,"PAO",1676.25731707692
0.09,"PAO",1715.78243323442
0.1,"PAO",1750.33542165711
0.11,"PAO",1863.56073430605
0.12,"PAO",1935.13839332114
0.13,"PAO",1950.11437677772
0.14,"PAO",2710.74250488154
0.15,"PAO",2968.68669423902
0.16,"PAO",3041.32572438923
0.17,"PAO",3137.02499254316
0.18,"PAO",3262.98690364539
0.19,"PAO",3332.85627927
0.2,"PAO",3383.19989668056
0.21,"PAO",3462.06650051506
0.22,"PAO",3549.74629664366
0.23,"PAO",3684.59704463338
0.24,"PAO",3833.00121400348
0.25,"PAO",3997.67282575606
0.26,"PAO",4019.44440030135
0.27,"PAO",4073.88615119694
0.28,"PAO",4160.40183330515
0.29,"PAO",4351.56285942713
0.3,"PAO",4485.05335434572
0.31,"PAO",4557.29206500515
0.32,"PAO",4656.49959748466
0.33,"PAO",4846.73755385065
0.34,"PAO",4952.79589643456
0.35,"PAO",5091.5173773466
0.36,"PAO",5202.50543134331
0.37,"PAO",5306.95415322643
0.38,"PAO",5333.52788364263
0.39,"PAO",5524.02999892376
0.4,"PAO",5607.47579127012
0.41,"PAO",5829.68621607909
0.42,"PAO",6003.32889715718
0.43,"PAO",6050.33972355899
0.44,"PAO",6146.38244737935
0.45,"PAO",6177.36466259744
0.46,"PAO",6415.03442413247
0.47,"PAO",6479.00358020326
0.48,"PAO",6835.80378007718
0.49,"PAO",6882.90161682631
0.5,"PAO",7181.89184083886
0.51,"PAO",7265.79260097477
0.52,"PAO",7400.96038806291
0.53,"PAO",7550.51770513984
0.54,"PAO",7672.15945941791
0.55,"PAO",7995.14373149244
0.56,"PAO",8295.5701954152
0.57,"PAO",8637.20646361526
0.58,"PAO",8750.87713842038
0.59,"PAO",8855.78198459433
0.6,"PAO",9012.39974631386
0.61,"PAO",9432.51426361833
0.62,"PAO",9729.81092541628
0.63,"PAO",10312.270137298
0.64,"PAO",10554.1800525822
0.65,"PAO",10841.8010516443
0.66,"PAO",11316.6959579342
0.67,"PAO",11974.4881382513
0.68,"PAO",12316.3485985763
0.69,"PAO",12472.253397088
0.7,"PAO",12804.3802032564
0.71,"PAO",12915.1923371412
0.72,"PAO",13028.7613320828
0.73,"PAO",13333.7186328623
0.74,"PAO",13585.6706292954
0.75,"PAO",13829.8207069387
0.76,"PAO",14084.0489691118
0.77,"PAO",14324.57766947
0.78,"PAO",14622.2202057164
0.79,"PAO",15149.6144739472
0.8,"PAO",15376.4200027675
0.81,"PAO",15672.1895665811
0.82,"PAO",15910.7269076429
0.83,"PAO",16419.6809120401
0.84,"PAO",16570.9416122138
0.85,"PAO",17347.978967113
0.86,"PAO",17782.854691656
0.87,"PAO",18313.4912286096
0.88,"PAO",18446.2115096631
0.89,"PAO",18711.1124183208
0.9,"PAO",18961.131729217
0.91,"PAO",19270.8556756507
0.92,"PAO",19976.3412432158
0.93,"PAO",20800.6043111268
0.94,"PAO",21022.3830814409
0.95,"PAO",21570.9692901401
0.96,"PAO",22543.0069525376
0.97,"PAO",23828.2363001799
0.98,"PAO",26042.199634077
0.99,"PAO",27280.7236420104
1,"PAO",28218.0266662567
0,"PAS",546.568529020767
0.01,"PAS",546.568529020767
0.02,"PAS",546.568529020767
0.03,"PAS",546.568529020767
0.04,"PAS",546.568529020767
0.05,"PAS",546.568529020767
0.06,"PAS",601.501339024499
0.07,"PAS",603.950176571301
0.08,"PAS",617.606306674634
0.09,"PAS",655.137488050187
0.1,"PAS",659.561533657709
0.11,"PAS",666.928383522006
0.12,"PAS",774.621192496803
0.13,"PAS",782.616946494532
0.14,"PAS",791.446495155332
0.15,"PAS",794.682802241726
0.16,"PAS",808.651309129215
0.17,"PAS",842.264369481943
0.18,"PAS",847.051736577942
0.19,"PAS",871.910304500589
0.2,"PAS",876.486903715216
0.21,"PAS",877.346706608343
0.22,"PAS",982.180404025247
0.23,"PAS",995.452269030189
0.24,"PAS",1018.0298593862
0.25,"PAS",1027.1646415509
0.26,"PAS",1029.22366308628
0.27,"PAS",1073.3166841657
0.28,"PAS",1095.61552430811
0.29,"PAS",1145.32407096475
0.3,"PAS",1199.21935716622
0.31,"PAS",1264.39388216104
0.32,"PAS",1302.91427923446
0.33,"PAS",1351.9186733401
0.34,"PAS",1400.932079317
0.35,"PAS",1436.73953362674
0.36,"PAS",1506.95061149191
0.37,"PAS",1555.17689382956
0.38,"PAS",1619.20850448147
0.39,"PAS",1684.40050320082
0.4,"PAS",1765.90606098688
0.41,"PAS",1836.91972382523
0.42,"PAS",1876.55721685874
0.43,"PAS",1942.31814512957
0.44,"PAS",2004.11194999015
0.45,"PAS",2036.78670273463
0.46,"PAS",2107.43046771156
0.47,"PAS",2197.4496269753
0.48,"PAS",2220.46041698685
0.49,"PAS",2306.16519664221
0.5,"PAS",2355.88255628091
0.51,"PAS",2400.98586928781
0.52,"PAS",2517.31046166144
0.53,"PAS",2536.21881367681
0.54,"PAS",2604.73182841941
0.55,"PAS",2718.33174285271
0.56,"PAS",2750.92532075178
0.57,"PAS",2924.34787252908
0.58,"PAS",3034.12626694396
0.59,"PAS",3280.08701447779
0.6,"PAS",3375.22266465919
0.61,"PAS",3426.87526656977
0.62,"PAS",3558.88561009915
0.63,"PAS",3666.95118997628
0.64,"PAS",3749.6875401315
0.65,"PAS",3812.37218356216
0.66,"PAS",3935.56069398639
0.67,"PAS",4048.65232869354
0.68,"PAS",4206.06172119015
0.69,"PAS",4314.28971982336
0.7,"PAS",4655.15211863685
0.71,"PAS",4793.2583581204
0.72,"PAS",5134.26507874907
0.73,"PAS",5212.15697849392
0.74,"PAS",5382.03454069695
0.75,"PAS",5491.43595336044
0.76,"PAS",5600.69135260948
0.77,"PAS",5930.42748059413
0.78,"PAS",6058.79037536617
0.79,"PAS",6202.43581887898
0.8,"PAS",6576.75601190921
0.81,"PAS",6717.59861721783
0.82,"PAS",6832.61572646161
0.83,"PAS",7033.72791083861
0.84,"PAS",7351.13223998728
0.85,"PAS",8522.34963823278
0.86,"PAS",8803.86810170857
0.87,"PAS",8985.97222206966
0.88,"PAS",9288.54090695425
0.89,"PAS",10137.4521377106
0.9,"PAS",10750.7280840137
0.91,"PAS",11213.0731567654
0.92,"PAS",11371.8423094742
0.93,"PAS",12355.891682601
0.94,"PAS",12708.8259877569
0.95,"PAS",14098.642195044
0.96,"PAS",14525.2969628632
0.97,"PAS",16283.781864775
0.98,"PAS",16827.9842174496
0.99,"PAS",17062.9221313878
1,"PAS",19215.2923052868
0,"SAS",570.390103366673
0.01,"SAS",570.390103366673
0.02,"SAS",574.567857952662
0.03,"SAS",587.599808728955
0.04,"SAS",587.599808728955
0.05,"SAS",595.24909450013
0.06,"SAS",602.133333574397
0.07,"SAS",609.883460999133
0.08,"SAS",629.025947764008
0.09,"SAS",679.151837985973
0.1,"SAS",682.544192751734
0.11,"SAS",739.552023473375
0.12,"SAS",777.355876111484
0.13,"SAS",789.449143151834
0.14,"SAS",813.926738193516
0.15,"SAS",837.23274238714
0.16,"SAS",860.862773408955
0.17,"SAS",900.037017437088
0.18,"SAS",912.093074055036
0.19,"SAS",921.892766280023
0.2,"SAS",944.5063714119
0.21,"SAS",999.001953872766
0.22,"SAS",1026.3450660776
0.23,"SAS",1041.13988450879
0.24,"SAS",1065.73609429711
0.25,"SAS",1082.63765185684
0.26,"SAS",1090.85509647212
0.27,"SAS",1116.91345838778
0.28,"SAS",1132.89255194682
0.29,"SAS",1154.54929230641
0.3,"SAS",1184.70292664843
0.31,"SAS",1202.50388935336
0.32,"SAS",1229.0572923274
0.33,"SAS",1250.21398646281
0.34,"SAS",1271.21978470005
0.35,"SAS",1286.51770459572
0.36,"SAS",1298.13118236439
0.37,"SAS",1328.71663122537
0.38,"SAS",1371.35174091779
0.39,"SAS",1382.56270598786
0.4,"SAS",1401.12091420156
0.41,"SAS",1449.31259044752
0.42,"SAS",1463.73328335657
0.43,"SAS",1510.38391124535
0.44,"SAS",1537.80617159507
0.45,"SAS",1619.09394327225
0.46,"SAS",1669.64280918642
0.47,"SAS",1702.92039678131
0.48,"SAS",1732.31294967708
0.49,"SAS",1767.3604259976
0.5,"SAS",1827.21200393924
0.51,"SAS",1884.80208756438
0.52,"SAS",1947.00366321622
0.53,"SAS",1989.47561906612
0.54,"SAS",2042.03023324487
0.55,"SAS",2153.82713088633
0.56,"SAS",2226.32868650414
0.57,"SAS",2273.30866066545
0.58,"SAS",2332.89773510164
0.59,"SAS",2383.14470774777
0.6,"SAS",2433.73544696686
0.61,"SAS",2537.4114272428
0.62,"SAS",2622.79001497822
0.63,"SAS",2657.18382526974
0.64,"SAS",2763.59086507012
0.65,"SAS",2855.72720634015
0.66,"SAS",2920.84694684076
0.67,"SAS",2994.21841354354
0.68,"SAS",3072.97041718782
0.69,"SAS",3160.55306532192
0.7,"SAS",3218.72690929659
0.71,"SAS",3304.74524786859
0.72,"SAS",3501.04672856219
0.73,"SAS",3572.5796483543
0.74,"SAS",3620.95261700107
0.75,"SAS",3696.20085043173
0.76,"SAS",3797.23941747107
0.77,"SAS",3967.69122271273
0.78,"SAS",4116.56460935787
0.79,"SAS",4261.57125644415
0.8,"SAS",4428.95207366044
0.81,"SAS",4893.27565736785
0.82,"SAS",5186.31943557624
0.83,"SAS",5421.84501416917
0.84,"SAS",5547.39023733232
0.85,"SAS",5670.02702191482
0.86,"SAS",6197.17850444811
0.87,"SAS",6606.11549498227
0.88,"SAS",6875.70971490387
0.89,"SAS",7277.55462787822
0.9,"SAS",7508.19282862978
0.91,"SAS",8044.82767180132
0.92,"SAS",8428.20337875705
0.93,"SAS",9108.71121280594
0.94,"SAS",9741.65155178556
0.95,"SAS",10942.7342518352
0.96,"SAS",12659.4743003055
0.97,"SAS",13636.3380877878
0.98,"SAS",16613.6249372011
0.99,"SAS",20344.6082045201
1,"SAS",20434.2198563282
0,"WEU",798.161909234362
0.01,"WEU",798.161909234362
0.02,"WEU",834.286775330413
0.03,"WEU",836.642768077657
0.04,"WEU",882.167919976857
0.05,"WEU",921.491136333495
0.06,"WEU",1042.69513046049
0.07,"WEU",1067.35924092009
0.08,"WEU",1121.80866758841
0.09,"WEU",1146.67298299379
0.1,"WEU",1190.03488796728
0.11,"WEU",1210.63229797577
0.12,"WEU",1227.16230512468
0.13,"WEU",1270.36784905281
0.14,"WEU",1329.72131339032
0.15,"WEU",1372.93326075257
0.16,"WEU",1404.9811390383
0.17,"WEU",1427.53760295291
0.18,"WEU",1476.42917092036
0.19,"WEU",1509.54864643775
0.2,"WEU",1543.36672127043
0.21,"WEU",1580.58606075822
0.22,"WEU",1598.56915815584
0.23,"WEU",1626.53055209654
0.24,"WEU",1636.35087004689
0.25,"WEU",1662.00597544041
0.26,"WEU",1742.97722199631
0.27,"WEU",1822.74323015135
0.28,"WEU",1880.85855168015
0.29,"WEU",1938.02525392357
0.3,"WEU",1964.01584396216
0.31,"WEU",1993.23150403255
0.32,"WEU",2033.24708835652
0.33,"WEU",2153.9176515692
0.34,"WEU",2227.89521350827
0.35,"WEU",2271.25307966348
0.36,"WEU",2322.46181964143
0.37,"WEU",2368.96694386811
0.38,"WEU",2410.45033612779
0.39,"WEU",2466.2975558619
0.4,"WEU",2506.72189155394
0.41,"WEU",2552.4297591842
0.42,"WEU",2604.26244147067
0.43,"WEU",2651.85744548894
0.44,"WEU",2755.49137744274
0.45,"WEU",2821.55659293577
0.46,"WEU",2874.70213826403
0.47,"WEU",2927.76006002607
0.48,"WEU",2987.4124089657
0.49,"WEU",3059.54338857962
0.5,"WEU",3168.45804745413
0.51,"WEU",3221.53303024073
0.52,"WEU",3326.3500656549
0.53,"WEU",3443.2389440785
0.54,"WEU",3504.02472654876
0.55,"WEU",3560.70790733316
0.56,"WEU",3656.47855955467
0.57,"WEU",3792.66051317992
0.58,"WEU",3862.47302018467
0.59,"WEU",4047.65426146639
0.6,"WEU",4176.10356486337
0.61,"WEU",4342.33408576222
0.62,"WEU",4497.05787653444
0.63,"WEU",4553.82729962371
0.64,"WEU",4778.3167446261
0.65,"WEU",4944.22199425195
0.66,"WEU",5031.62871017396
0.67,"WEU",5261.80081794645
0.68,"WEU",5353.25160339836
0.69,"WEU",5737.12622259014
0.7,"WEU",5872.55677095081
0.71,"WEU",6017.71596934047
0.72,"WEU",6133.82695398154
0.73,"WEU",6588.82944070397
0.74,"WEU",6709.46891629647
0.75,"WEU",6992.33339254043
0.76,"WEU",7112.07936509576
0.77,"WEU",7769.56441968448
0.78,"WEU",8060.57468385317
0.79,"WEU",8220.43547546448
0.8,"WEU",8724.4895387345
0.81,"WEU",9071.73294141879
0.82,"WEU",9693.4126779592
0.83,"WEU",9986.31734111353
0.84,"WEU",10328.3288959024
0.85,"WEU",10942.6197839113
0.86,"WEU",11171.6284984822
0.87,"WEU",11746.8655965007
0.88,"WEU",12162.4415063431
0.89,"WEU",12956.3715468418
0.9,"WEU",13263.5718229933
0.91,"WEU",14263.3845148963
0.92,"WEU",15846.6755606495
0.93,"WEU",17209.7330791764
0.94,"WEU",18132.6847081356
0.95,"WEU",19809.2427319168
0.96,"WEU",20903.2400189217
0.97,"WEU",21517.1730507435
0.98,"WEU",22871.1848472943
0.99,"WEU",24844.5296451143
1,"WEU",25547.6740122286
